{
  "version": 1,
  "author": "Bama S",
  "editor": "wokwi",
  "parts": [
    { "type": "wokwi-arduino-uno", "id": "uno", "top": 0, "left": 0, "attrs": {} },
    { "type": "wokwi-potentiometer", "id": "pot1", "top": -97.3, "left": 143.8, "attrs": {} },
    {
      "type": "wokwi-led",
      "id": "led1",
      "top": -109.2,
      "left": 99.8,
      "attrs": { "color": "red" }
    },
    {
      "type": "wokwi-resistor",
      "id": "r1",
      "top": -72.85,
      "left": 19.2,
      "attrs": { "value": "1000" }
    }
  ],
  "connections": [
    [ "pot1:GND", "uno:GND.1", "black", [ "v0" ] ],
    [ "pot1:SIG", "uno:A0", "green", [ "v0" ] ],
    [ "pot1:VCC", "uno:5V", "red", [ "v0" ] ],
    [ "led1:A", "uno:13", "green", [ "v0" ] ],
    [ "led1:C", "r1:2", "green", [ "v0" ] ],
    [ "r1:1", "uno:GND.1", "green", [ "v0" ] ]
  ],
  "dependencies": {}
}